 493.29  , 19.33  , 505.23  , 30.71  , 1.00 
 442.06  , 522.71  , 451.91  , 533.67  , 1.00 
 128.66  , 74.44  , 140.88  , 86.03  , 1.00 
 421.44  , 202.60  , 433.10  , 214.24  , 1.00 
 108.32  , 488.40  , 118.08  , 498.71  , 1.00 
 99.39  , 66.51  , 108.47  , 75.91  , 1.00 
 87.96  , 98.44  , 97.66  , 108.09  , 1.00 
 358.52  , 49.68  , 368.33  , 59.95  , 1.00 
 52.10  , 511.47  , 64.03  , 523.89  , 1.00 
 444.36  , 61.29  , 455.65  , 72.28  , 1.00 
 161.37  , 128.31  , 172.11  , 139.16  , 1.00 
 336.02  , 390.33  , 347.82  , 402.33  , 1.00 
 495.18  , 518.70  , 505.69  , 529.45  , 1.00 
 371.12  , 281.38  , 380.41  , 291.57  , 1.00 
 379.30  , 542.28  , 388.71  , 552.09  , 1.00 
 163.37  , 94.35  , 173.61  , 104.41  , 1.00 
 226.57  , 579.76  , 237.83  , 591.59  , 1.00 
 373.57  , 562.77  , 384.69  , 574.50  , 1.00 
 60.03  , 72.54  , 73.13  , 85.08  , 1.00 
 339.82  , 509.08  , 350.97  , 520.19  , 1.00 
 400.87  , 570.66  , 412.08  , 582.38  , 1.00 
 236.86  , 50.52  , 248.24  , 61.27  , 1.00 
 270.03  , 617.00  , 280.20  , 627.62  , 1.00 
 330.38  , 368.17  , 340.88  , 378.52  , 1.00 
 480.00  , 425.56  , 491.73  , 438.11  , 1.00 
 108.68  , 599.49  , 120.40  , 611.25  , 1.00 
 351.17  , 110.10  , 361.64  , 120.70  , 1.00 
 106.48  , 111.94  , 117.44  , 122.30  , 1.00 
 31.33  , 379.28  , 43.33  , 391.38  , 1.00 
 97.53  , 566.91  , 107.45  , 576.77  , 1.00 
 162.27  , 540.69  , 171.52  , 550.36  , 1.00 
 72.60  , 25.78  , 81.56  , 34.84  , 1.00 
 103.48  , 294.40  , 113.02  , 304.05  , 1.00 
 507.80  , 339.21  , 521.53  , 351.15  , 1.00 
 186.55  , 74.05  , 194.71  , 83.19  , 1.00 
 206.28  , 200.01  , 215.54  , 209.41  , 1.00 
 236.83  , 30.06  , 246.87  , 40.36  , 1.00 
 443.41  , 544.89  , 452.53  , 555.20  , 1.00 
 341.46  , 481.84  , 350.52  , 490.80  , 1.00 
 280.75  , 257.83  , 291.41  , 268.21  , 1.00 
 387.27  , 82.52  , 399.34  , 94.75  , 1.00 
 411.00  , 73.23  , 420.99  , 83.74  , 1.00 
 503.40  , 321.68  , 516.36  , 334.61  , 1.00 
 61.46  , 112.47  , 71.69  , 122.98  , 1.00 
 222.04  , 396.11  , 233.21  , 407.14  , 1.00 
 56.01  , 321.66  , 66.26  , 331.60  , 1.00 
 286.48  , 353.04  , 296.08  , 362.46  , 1.00 
 356.76  , 552.75  , 369.68  , 566.26  , 1.00 
 209.26  , 449.29  , 219.65  , 459.49  , 1.00 
 119.68  , 526.91  , 128.74  , 536.84  , 1.00 
 42.03  , 599.19  , 52.74  , 609.89  , 1.00 
 374.24  , 458.12  , 386.74  , 470.21  , 1.00 
 340.62  , 287.00  , 350.44  , 296.96  , 1.00 
 159.71  , 592.84  , 171.76  , 605.22  , 1.00 
 151.02  , 294.72  , 162.99  , 306.04  , 1.00 
 317.41  , 354.74  , 327.75  , 364.66  , 1.00 
 229.16  , 458.83  , 239.05  , 468.63  , 1.00 
 327.71  , 244.36  , 336.27  , 253.22  , 1.00 
 434.04  , 468.05  , 442.51  , 476.76  , 1.00 
 327.51  , 515.05  , 336.85  , 525.54  , 1.00 
 33.09  , 310.27  , 45.81  , 322.19  , 1.00 
 259.35  , 10.86  , 269.76  , 21.62  , 1.00 
 249.01  , 16.51  , 258.83  , 25.90  , 1.00 
 452.98  , 303.39  , 464.13  , 314.35  , 1.00 
 443.00  , 393.98  , 451.40  , 403.06  , 1.00 
 298.34  , 525.75  , 307.16  , 534.60  , 1.00 
 114.37  , 312.01  , 125.78  , 324.27  , 1.00 
 331.10  , 576.30  , 341.79  , 586.74  , 1.00 
 310.84  , 570.08  , 319.31  , 578.65  , 1.00 
 292.10  , 180.50  , 305.72  , 193.17  , 1.00 
 511.26  , 490.55  , 525.29  , 504.25  , 1.00 
 265.86  , 130.10  , 274.76  , 140.27  , 1.00 
 500.64  , 374.79  , 508.55  , 383.00  , 1.00 
 334.00  , 120.03  , 343.44  , 130.40  , 1.00 
 386.26  , 125.73  , 395.97  , 135.84  , 1.00 
 349.48  , 292.82  , 358.15  , 302.09  , 1.00 
 368.10  , 434.50  , 377.80  , 443.70  , 1.00 
 248.60  , 468.68  , 257.19  , 477.87  , 1.00 
 12.17  , 543.64  , 21.92  , 553.75  , 1.00 
 28.92  , 341.70  , 40.71  , 353.44  , 1.00 
 192.87  , 428.22  , 200.77  , 436.43  , 1.00 
 200.32  , 404.99  , 208.89  , 413.67  , 1.00 
 436.40  , 96.99  , 446.27  , 107.00  , 1.00 
 279.10  , 37.85  , 289.81  , 48.19  , 1.00 
 105.70  , 520.22  , 115.33  , 529.85  , 1.00 
 45.43  , 78.75  , 56.56  , 90.62  , 1.00 
 116.49  , 339.48  , 124.84  , 347.99  , 1.00 
 490.13  , 166.48  , 500.14  , 178.13  , 1.00 
 297.70  , 413.31  , 305.20  , 420.33  , 1.00 
 64.75  , 204.63  , 73.44  , 213.10  , 1.00 
 464.65  , 165.11  , 474.07  , 174.09  , 1.00 
 283.04  , 238.48  , 291.90  , 247.67  , 1.00 
 61.48  , 565.50  , 70.19  , 574.45  , 1.00 
 269.43  , 440.59  , 279.23  , 450.62  , 1.00 
 474.93  , 508.31  , 484.77  , 518.54  , 1.00 
 359.51  , 314.58  , 367.80  , 323.05  , 1.00 
 121.38  , 396.52  , 128.92  , 404.74  , 1.00 
 153.89  , 432.70  , 163.45  , 442.51  , 1.00 
 474.12  , 485.31  , 483.20  , 495.19  , 1.00 
 137.99  , 555.19  , 146.18  , 564.55  , 1.00 
 66.16  , 453.71  , 75.23  , 462.04  , 1.00 
 381.22  , 482.37  , 390.00  , 491.72  , 1.00 
 466.08  , 285.63  , 474.75  , 294.17  , 1.00 
 509.91  , 70.79  , 522.67  , 82.11  , 1.00 
 478.15  , 572.00  , 489.56  , 584.10  , 1.00 
 514.21  , 389.74  , 524.61  , 400.63  , 1.00 
 56.95  , 283.29  , 66.29  , 292.25  , 1.00 
 476.40  , 552.52  , 485.82  , 562.85  , 1.00 
 282.18  , 110.33  , 291.04  , 118.81  , 1.00 
 366.83  , 202.28  , 375.88  , 211.31  , 1.00 
 151.50  , 447.86  , 161.45  , 458.13  , 1.00 
 96.42  , 189.71  , 105.27  , 198.36  , 1.00 
 479.71  , 598.42  , 489.14  , 607.94  , 1.00 
 320.96  , 523.02  , 329.05  , 531.39  , 1.00 
 404.33  , 420.24  , 412.42  , 429.09  , 1.00 
 342.22  , 552.46  , 350.06  , 561.07  , 1.00 
 521.56  , 209.67  , 532.30  , 219.97  , 1.00 
 79.70  , 329.98  , 90.40  , 340.78  , 1.00 
 336.10  , 164.25  , 345.79  , 173.68  , 1.00 
 452.05  , 472.29  , 466.01  , 485.26  , 1.00 
 159.43  , 105.74  , 167.87  , 114.40  , 1.00 
 180.59  , 217.40  , 188.92  , 225.46  , 1.00 
 7.91  , 79.46  , 18.66  , 90.91  , 1.00 
 254.46  , 261.99  , 264.12  , 271.55  , 1.00 
 477.43  , 305.34  , 485.82  , 314.28  , 1.00 
 18.87  , 425.91  , 28.93  , 435.42  , 1.00 
 175.51  , 36.30  , 185.75  , 46.57  , 1.00 
 104.75  , 375.19  , 113.89  , 383.72  , 1.00 
 255.73  , 326.32  , 263.95  , 334.98  , 1.00 
 327.27  , 82.95  , 335.37  , 91.31  , 1.00 
 196.49  , 530.11  , 204.60  , 538.53  , 1.00 
 339.04  , 49.09  , 347.28  , 57.39  , 1.00 
 240.44  , 314.69  , 248.52  , 322.57  , 1.00 
 197.06  , 239.31  , 210.50  , 251.80  , 1.00 
 338.93  , 525.41  , 348.23  , 535.23  , 1.00 
 151.37  , 519.26  , 160.20  , 527.98  , 1.00 
 462.00  , 494.07  , 470.12  , 502.79  , 1.00 
 441.31  , 43.18  , 450.78  , 52.11  , 1.00 
 223.96  , 321.70  , 231.79  , 329.53  , 1.00 
 400.50  , 588.22  , 409.07  , 598.07  , 1.00 
 34.61  , 515.60  , 45.49  , 527.19  , 1.00 
 240.64  , 190.21  , 249.43  , 199.09  , 1.00 
 436.15  , 83.13  , 444.98  , 91.72  , 1.00 
 238.51  , 598.83  , 249.06  , 608.94  , 1.00 
 155.17  , 413.13  , 165.49  , 423.37  , 1.00 
 157.48  , 337.84  , 167.18  , 346.35  , 1.00 
 359.69  , 570.61  , 368.65  , 580.68  , 1.00 
 406.19  , 465.44  , 415.87  , 476.22  , 1.00 
 512.01  , 219.77  , 520.63  , 228.47  , 1.00 
 353.14  , 351.07  , 363.51  , 360.95  , 1.00 
 377.11  , 410.62  , 385.82  , 420.12  , 1.00 
 48.53  , 272.49  , 57.40  , 281.17  , 1.00 
 90.39  , 583.53  , 99.56  , 594.09  , 1.00 
 522.92  , 143.75  , 532.57  , 153.55  , 1.00 
 103.78  , 590.19  , 112.53  , 600.12  , 1.00 
 203.26  , 391.57  , 212.14  , 400.57  , 1.00 
 478.12  , 186.89  , 487.61  , 196.23  , 1.00 
 15.52  , 151.93  , 25.00  , 161.98  , 1.00 
 181.34  , 316.87  , 189.02  , 323.69  , 1.00 
 10.34  , 230.16  , 20.68  , 239.31  , 1.00 
 337.49  , 237.85  , 348.69  , 249.84  , 1.00 
 492.69  , 406.56  , 501.03  , 415.30  , 1.00 
 93.79  , 517.66  , 102.27  , 526.50  , 1.00 
 362.78  , 533.06  , 370.52  , 540.86  , 1.00 
 460.63  , 356.73  , 468.71  , 364.95  , 1.00 
 280.88  , 207.77  , 289.14  , 216.32  , 1.00 
 448.01  , 317.39  , 456.28  , 326.16  , 1.00 
 146.70  , 589.00  , 157.05  , 598.85  , 1.00 
 21.19  , 167.66  , 32.34  , 178.02  , 1.00 
 293.66  , 31.58  , 302.33  , 40.14  , 1.00 
 128.24  , 572.19  , 136.88  , 580.97  , 1.00 
 93.02  , 531.40  , 101.39  , 539.79  , 1.00 
 90.73  , 389.79  , 97.98  , 397.55  , 1.00 
 312.15  , 394.99  , 321.20  , 403.32  , 1.00 
 98.82  , 48.82  , 106.98  , 57.35  , 1.00 
 488.50  , 505.69  , 497.39  , 515.10  , 1.00 
 363.25  , 494.14  , 371.26  , 502.49  , 1.00 
 513.57  , 352.87  , 522.78  , 362.25  , 1.00 
 89.00  , 172.85  , 97.47  , 181.34  , 1.00 
 100.07  , 399.00  , 109.31  , 407.76  , 1.00 
 72.55  , 46.24  , 80.43  , 54.20  , 1.00 
 508.25  , 129.32  , 515.78  , 136.28  , 1.00 
 349.43  , 501.29  , 360.47  , 511.36  , 1.00 
 91.76  , 162.18  , 101.36  , 171.32  , 1.00 
 415.74  , 378.82  , 423.60  , 386.40  , 1.00 
 174.21  , 442.77  , 183.19  , 451.69  , 1.00 
 400.22  , 520.99  , 407.41  , 527.48  , 1.00 
 388.67  , 36.71  , 396.18  , 44.18  , 1.00 
 290.06  , 323.06  , 296.97  , 329.97  , 1.00 
 355.41  , 403.63  , 364.08  , 413.03  , 1.00 
 321.38  , 110.30  , 330.48  , 118.97  , 1.00 
 503.97  , 567.82  , 511.87  , 576.03  , 1.00 
 116.38  , 289.94  , 123.47  , 296.29  , 1.00 
 306.61  , 276.21  , 314.87  , 285.00  , 1.00 
 275.98  , 59.33  , 282.91  , 66.27  , 1.00 
 415.42  , 589.72  , 422.64  , 597.68  , 1.00 
 315.02  , 103.05  , 323.29  , 112.05  , 1.00 
 124.08  , 219.68  , 131.13  , 226.49  , 1.00 
 64.27  , 103.59  , 72.67  , 112.15  , 1.00 
 167.35  , 410.96  , 176.29  , 420.17  , 1.00 
 333.89  , 13.68  , 342.37  , 22.12  , 1.00 
 271.13  , 42.13  , 278.37  , 49.23  , 1.00 
 243.47  , 537.86  , 251.38  , 546.03  , 1.00 
 156.27  , 224.02  , 171.21  , 240.53  , 1.00 
 48.64  , 217.07  , 57.59  , 225.80  , 1.00 
 186.30  , 324.72  , 194.16  , 332.73  , 1.00 
 463.60  , 404.32  , 471.31  , 412.75  , 1.00 
 366.04  , 2.12  , 376.57  , 11.53  , 1.00 
 78.08  , 71.97  , 84.46  , 78.44  , 1.00 
 387.53  , 338.30  , 396.01  , 346.55  , 1.00 
 231.04  , 328.53  , 239.01  , 336.66  , 1.00 
 200.67  , 139.75  , 209.00  , 147.96  , 1.00 
 93.23  , 448.49  , 100.91  , 455.94  , 1.00 
 206.29  , 546.98  , 213.48  , 553.94  , 1.00 
 63.17  , 530.24  , 71.09  , 538.08  , 1.00 
 159.33  , 500.64  , 166.67  , 507.45  , 1.00 
 45.64  , 194.62  , 53.33  , 202.41  , 1.00 
 296.00  , 286.33  , 304.57  , 294.59  , 1.00 
 113.38  , 226.78  , 120.42  , 234.11  , 1.00 
 311.10  , 363.11  , 317.23  , 369.35  , 1.00 
 239.53  , 612.77  , 247.92  , 621.02  , 1.00 
 438.11  , 318.53  , 444.49  , 324.87  , 1.00 
 283.82  , 509.05  , 291.04  , 515.82  , 1.00 
 302.15  , 112.48  , 310.07  , 121.20  , 1.00 
 395.81  , 198.17  , 404.11  , 206.58  , 1.00 
 267.61  , 453.50  , 275.51  , 461.53  , 1.00 
 496.44  , 317.79  , 503.24  , 324.75  , 1.00 
 67.50  , 226.76  , 74.33  , 233.61  , 1.00 
 395.83  , 440.23  , 402.94  , 448.19  , 1.00 
 387.09  , 623.37  , 396.20  , 631.58  , 1.00 
 509.18  , 423.78  , 516.32  , 430.48  , 1.00 
 505.51  , 600.84  , 514.95  , 610.91  , 1.00 
 224.07  , 194.96  , 231.21  , 202.17  , 1.00 
 379.10  , 165.83  , 388.19  , 175.38  , 1.00 
 511.60  , 310.60  , 520.54  , 318.40  , 1.00 
 227.75  , 185.50  , 235.31  , 193.27  , 1.00 
 392.64  , 170.27  , 400.17  , 177.47  , 1.00 
 401.72  , 251.49  , 409.46  , 259.53  , 1.00 
 303.79  , 537.42  , 311.83  , 546.70  , 1.00 
 50.26  , 13.68  , 67.01  , 24.82  , 1.00 
 244.48  , 348.75  , 252.41  , 356.53  , 1.00 
 455.14  , 182.28  , 462.68  , 189.43  , 1.00 
 469.56  , 548.21  , 477.21  , 555.94  , 1.00 
 449.53  , 579.64  , 456.06  , 586.23  , 1.00 
 178.78  , 190.82  , 185.26  , 197.07  , 1.00 
 395.66  , 497.88  , 403.00  , 505.60  , 1.00 
 442.90  , 152.91  , 449.40  , 160.18  , 1.00 
 277.68  , 573.87  , 284.53  , 580.34  , 1.00 
 263.11  , 258.97  , 269.87  , 265.51  , 1.00 
 403.48  , 277.26  , 410.21  , 284.31  , 1.00 
 218.13  , 571.07  , 226.43  , 580.06  , 1.00 
 441.35  , 202.26  , 449.42  , 210.76  , 1.00 
 269.02  , 397.13  , 279.50  , 406.18  , 1.00 
 462.48  , 261.19  , 469.44  , 267.33  , 1.00 
 298.38  , 317.34  , 304.85  , 323.65  , 1.00 
 493.07  , 559.08  , 500.52  , 565.75  , 1.00 
 71.90  , 184.75  , 78.36  , 191.37  , 1.00 
 88.70  , 465.30  , 96.52  , 473.48  , 1.00 
 149.33  , 13.27  , 156.25  , 20.15  , 1.00 
 282.14  , 143.51  , 289.03  , 151.01  , 1.00 
 281.84  , 177.93  , 288.67  , 184.94  , 1.00 
 148.67  , 472.18  , 154.89  , 478.19  , 1.00 
 475.26  , 585.90  , 481.77  , 592.90  , 1.00 
 285.99  , 282.49  , 292.87  , 289.38  , 1.00 
 348.45  , 363.78  , 354.57  , 370.59  , 1.00 
 449.90  , 80.04  , 457.78  , 87.54  , 1.00 
 42.68  , 241.94  , 51.47  , 249.82  , 1.00 
 246.83  , 372.05  , 253.92  , 379.14  , 1.00 
 301.41  , 269.37  , 308.10  , 276.67  , 1.00 
 479.99  , 177.35  , 487.33  , 184.59  , 1.00 
 199.09  , 9.71  , 206.67  , 17.56  , 1.00 
 509.40  , 287.93  , 516.68  , 294.68  , 1.00 
 415.06  , 311.19  , 422.35  , 319.05  , 1.00 
 123.92  , 458.19  , 130.89  , 464.80  , 1.00 
 91.77  , 252.78  , 98.40  , 259.17  , 1.00 
 168.67  , 62.33  , 175.50  , 69.12  , 1.00 
 390.25  , 412.42  , 397.38  , 419.93  , 1.00 
 199.95  , 49.23  , 206.38  , 55.93  , 1.00 
 359.07  , 517.08  , 366.06  , 524.99  , 1.00 
 298.84  , 304.08  , 305.10  , 310.47  , 1.00 
 57.21  , 383.78  , 68.22  , 396.08  , 1.00 
 361.88  , 416.04  , 368.69  , 422.88  , 1.00 
 413.71  , 268.86  , 421.93  , 278.63  , 1.00 
 358.93  , 193.22  , 368.74  , 204.62  , 1.00 
 271.59  , 385.47  , 277.95  , 391.70  , 1.00 
 144.76  , 90.74  , 151.26  , 97.71  , 1.00 
 204.21  , 568.83  , 210.84  , 575.30  , 1.00 
 201.07  , 464.48  , 207.89  , 471.07  , 1.00 
 425.32  , 395.16  , 434.33  , 403.20  , 1.00 
 89.86  , 183.75  , 98.19  , 192.51  , 1.00 
 18.58  , 108.95  , 25.70  , 116.02  , 1.00 
 223.37  , 477.77  , 230.99  , 485.84  , 1.00 
 497.27  , 495.82  , 504.68  , 504.22  , 1.00 
 37.13  , 351.21  , 44.34  , 358.42  , 1.00 
 407.87  , 27.83  , 414.53  , 34.80  , 1.00 
 255.70  , 540.01  , 262.07  , 546.10  , 1.00 
 122.93  , 580.41  , 131.70  , 588.28  , 1.00 
 492.75  , 436.48  , 499.17  , 443.36  , 1.00 
 230.30  , 351.99  , 236.64  , 358.58  , 1.00 
 111.99  , 371.38  , 118.35  , 377.89  , 1.00 
 309.60  , 484.41  , 315.82  , 490.44  , 1.00 
 137.95  , 54.79  , 145.90  , 63.26  , 1.00 
 461.64  , 28.46  , 469.84  , 37.49  , 1.00 
 421.30  , 44.50  , 429.01  , 52.05  , 1.00 
 296.86  , 242.79  , 303.50  , 249.01  , 1.00 
 362.29  , 330.66  , 368.60  , 336.63  , 1.00 
 286.24  , 614.35  , 292.73  , 621.15  , 1.00 
 297.75  , 198.73  , 306.26  , 205.41  , 1.00 
 86.45  , 592.08  , 94.44  , 600.85  , 1.00 
 77.57  , 245.39  , 87.91  , 253.91  , 1.00 
 11.89  , 410.95  , 20.91  , 419.39  , 1.00 
 314.50  , 376.97  , 320.87  , 383.17  , 1.00 
 335.54  , 610.41  , 341.89  , 616.75  , 1.00 
 273.08  , 276.93  , 281.40  , 285.77  , 1.00 
 316.39  , 12.69  , 325.90  , 24.76  , 1.00 
 380.07  , 13.50  , 386.67  , 19.78  , 1.00 
 37.37  , 365.30  , 44.71  , 371.41  , 1.00 
 326.23  , 99.12  , 334.03  , 107.44  , 1.00 
 241.58  , 268.05  , 248.91  , 275.10  , 0.99 
 284.71  , 198.41  , 292.21  , 205.83  , 0.99 
 253.11  , 581.58  , 259.92  , 587.78  , 0.99 
 86.02  , 421.05  , 92.49  , 427.85  , 0.99 
 380.50  , 159.78  , 389.20  , 170.89  , 0.99 
 29.69  , 510.44  , 36.40  , 516.98  , 0.99 
 401.14  , 172.79  , 410.15  , 182.40  , 0.99 
 128.79  , 63.88  , 136.49  , 71.87  , 0.99 
 426.74  , 267.76  , 433.23  , 274.03  , 0.99 
 133.77  , 7.52  , 143.13  , 15.90  , 0.99 
 504.14  , 73.38  , 513.89  , 82.13  , 0.99 
 125.18  , 260.82  , 132.25  , 267.35  , 0.99 
 445.14  , 239.64  , 452.17  , 246.46  , 0.99 
 303.77  , 104.82  , 310.15  , 111.56  , 0.99 
 171.43  , 605.75  , 179.33  , 613.74  , 0.99 
 32.04  , 494.36  , 39.77  , 501.49  , 0.99 
 79.92  , 346.19  , 86.05  , 351.93  , 0.99 
 95.97  , 37.75  , 103.08  , 44.53  , 0.99 
 161.76  , 214.78  , 168.02  , 221.30  , 0.99 
 266.48  , 5.20  , 274.00  , 13.02  , 0.99 
 256.37  , 517.00  , 263.13  , 523.97  , 0.99 
 507.56  , 358.01  , 515.80  , 366.30  , 0.99 
 392.86  , 481.02  , 400.08  , 488.66  , 0.99 
 173.36  , 473.79  , 190.83  , 492.32  , 0.99 
 457.50  , 18.52  , 467.69  , 29.36  , 0.99 
 419.75  , 547.81  , 433.04  , 559.39  , 0.99 
 135.50  , 212.54  , 143.74  , 220.01  , 0.99 
 374.36  , 232.39  , 381.00  , 238.71  , 0.99 
 279.09  , 505.16  , 285.05  , 510.93  , 0.99 
 303.39  , 491.45  , 309.39  , 497.08  , 0.99 
 365.33  , 189.54  , 372.13  , 195.98  , 0.99 
 315.87  , 220.57  , 321.82  , 226.02  , 0.99 
 481.09  , 274.22  , 488.10  , 280.44  , 0.99 
 457.43  , 297.74  , 465.38  , 305.28  , 0.99 
 252.41  , 359.01  , 269.82  , 376.43  , 0.99 
 194.02  , 7.56  , 201.19  , 15.12  , 0.99 
 319.08  , 167.60  , 325.46  , 174.56  , 0.99 
 31.70  , 77.23  , 39.26  , 85.84  , 0.99 
 54.25  , 369.52  , 62.34  , 377.70  , 0.99 
 117.62  , 151.87  , 124.95  , 159.08  , 0.99 
 216.49  , 300.50  , 222.56  , 306.06  , 0.99 
 185.65  , 271.55  , 191.77  , 277.71  , 0.99 
 269.35  , 317.78  , 276.72  , 325.02  , 0.99 
 294.37  , 545.35  , 300.92  , 551.57  , 0.99 
 167.95  , 439.13  , 175.92  , 447.86  , 0.99 
 123.50  , 326.55  , 130.07  , 333.02  , 0.99 
 485.99  , 270.91  , 492.45  , 276.92  , 0.99 
 453.78  , 234.97  , 461.55  , 241.76  , 0.99 
 181.20  , 393.72  , 188.20  , 399.59  , 0.99 
 47.24  , 168.04  , 53.51  , 174.04  , 0.99 
 43.00  , 504.89  , 49.44  , 510.75  , 0.99 
 478.93  , 130.18  , 487.43  , 138.27  , 0.99 
 307.25  , 428.05  , 313.64  , 434.82  , 0.99 
 362.13  , 355.16  , 369.52  , 361.67  , 0.99 
 274.66  , 286.02  , 280.83  , 292.52  , 0.99 
 279.61  , 431.94  , 285.78  , 438.53  , 0.99 
 164.59  , 17.38  , 171.39  , 24.82  , 0.99 
 129.67  , 318.60  , 136.67  , 326.12  , 0.99 
 146.08  , 48.94  , 152.43  , 54.66  , 0.99 
 355.68  , 485.93  , 361.56  , 491.93  , 0.99 
 34.63  , 224.41  , 41.02  , 230.71  , 0.99 
 35.44  , 523.91  , 44.54  , 533.71  , 0.99 
 310.25  , 508.79  , 316.90  , 515.79  , 0.99 
 98.28  , 160.93  , 105.60  , 167.61  , 0.99 
 135.48  , 514.91  , 141.97  , 522.02  , 0.99 
 363.68  , 102.65  , 369.51  , 108.65  , 0.99 
 435.88  , 343.97  , 442.98  , 351.75  , 0.99 
 131.65  , 523.09  , 139.03  , 530.69  , 0.99 
 140.55  , 350.60  , 150.71  , 360.55  , 0.99 
 169.78  , 10.86  , 175.95  , 16.56  , 0.98 
 152.56  , 84.31  , 159.08  , 91.29  , 0.98 
 519.12  , 322.01  , 526.19  , 328.98  , 0.98 
 398.19  , 562.78  , 404.38  , 569.63  , 0.98 
 145.01  , 303.62  , 151.18  , 309.74  , 0.98 
 21.56  , 324.97  , 29.45  , 332.36  , 0.98 
 146.50  , 577.20  , 155.00  , 584.82  , 0.98 
 434.22  , 436.85  , 440.65  , 442.71  , 0.98 
 430.26  , 595.27  , 435.90  , 601.04  , 0.98 
 143.86  , 251.51  , 150.15  , 257.94  , 0.98 
 136.14  , 288.36  , 142.75  , 294.77  , 0.98 
 154.72  , 552.21  , 160.86  , 558.59  , 0.98 
 18.70  , 60.71  , 27.00  , 67.54  , 0.98 
 320.37  , 130.08  , 327.45  , 136.67  , 0.98 
 344.54  , 61.86  , 351.25  , 68.36  , 0.98 
 272.61  , 519.14  , 278.90  , 525.74  , 0.98 
 424.75  , 418.77  , 431.83  , 425.22  , 0.98 
 14.12  , 432.53  , 20.05  , 439.01  , 0.98 
 229.66  , 92.15  , 236.28  , 98.53  , 0.98 
 392.02  , 561.42  , 400.94  , 569.52  , 0.98 
 108.27  , 397.51  , 114.70  , 404.38  , 0.98 
 478.97  , 86.92  , 484.74  , 93.12  , 0.98 
 458.64  , 478.06  , 468.47  , 487.67  , 0.98 
 99.13  , 210.71  , 105.79  , 216.51  , 0.98 
 32.64  , 149.55  , 38.91  , 155.74  , 0.98 
 20.11  , 307.04  , 26.26  , 312.79  , 0.98 
 308.52  , 152.03  , 314.57  , 158.42  , 0.98 
 495.31  , 174.80  , 502.27  , 181.47  , 0.98 
 306.68  , 40.16  , 313.38  , 47.18  , 0.98 
 7.67  , 312.33  , 14.11  , 319.57  , 0.98 
 248.66  , 100.92  , 255.77  , 107.42  , 0.98 
 429.57  , 33.86  , 435.55  , 39.60  , 0.98 
 22.04  , 200.43  , 28.58  , 206.51  , 0.98 
 430.88  , 116.99  , 437.45  , 122.76  , 0.98 
 108.78  , 357.59  , 115.39  , 365.62  , 0.98 
 439.80  , 492.30  , 445.59  , 498.20  , 0.98 
 154.31  , 578.88  , 162.25  , 588.70  , 0.98 
 141.21  , 64.00  , 150.39  , 74.26  , 0.98 
 163.71  , 260.21  , 169.90  , 266.98  , 0.97 
 32.63  , 485.66  , 40.11  , 492.04  , 0.97 
 410.13  , 562.38  , 416.98  , 568.72  , 0.97 
 273.02  , 359.40  , 280.11  , 365.97  , 0.97 
 495.70  , 93.74  , 503.20  , 100.89  , 0.97 
 36.54  , 15.62  , 42.56  , 21.78  , 0.97 
 263.12  , 237.14  , 269.75  , 243.01  , 0.97 
 69.18  , 356.29  , 78.10  , 364.19  , 0.97 
 310.10  , 435.21  , 316.49  , 441.73  , 0.97 
 230.14  , 534.65  , 235.50  , 541.01  , 0.97 
 433.64  , 185.24  , 440.32  , 191.44  , 0.97 
 62.51  , 420.83  , 72.17  , 432.28  , 0.97 
 104.16  , 179.76  , 110.26  , 186.18  , 0.97 
 200.10  , 110.65  , 217.77  , 128.23  , 0.97 
 132.58  , 114.64  , 140.52  , 122.49  , 0.97 
 73.63  , 15.41  , 79.00  , 21.13  , 0.97 
 281.66  , 53.29  , 287.11  , 59.32  , 0.97 
 318.69  , 586.06  , 323.98  , 591.72  , 0.97 
 137.76  , 568.22  , 143.07  , 574.45  , 0.96 
 171.25  , 142.91  , 176.64  , 148.59  , 0.96 
 194.96  , 500.97  , 205.49  , 509.30  , 0.96 
 314.74  , 471.52  , 320.75  , 477.53  , 0.96 
 366.61  , 409.74  , 372.06  , 415.50  , 0.96 
 343.88  , 431.77  , 359.73  , 446.86  , 0.96 
 169.25  , 534.46  , 175.04  , 540.22  , 0.96 
 523.69  , 563.54  , 529.26  , 569.04  , 0.96 
 511.81  , 454.42  , 518.24  , 460.03  , 0.96 
 359.13  , 374.32  , 364.65  , 380.14  , 0.96 
 42.86  , 357.18  , 50.38  , 364.55  , 0.96 
 242.99  , 621.88  , 249.09  , 628.71  , 0.96 
 493.61  , 478.25  , 499.52  , 484.52  , 0.96 
 493.10  , 139.96  , 498.72  , 145.59  , 0.96 
 68.50  , 237.85  , 73.95  , 243.35  , 0.96 
 440.04  , 378.62  , 445.91  , 384.71  , 0.96 
 527.84  , 416.84  , 533.97  , 424.51  , 0.96 
 486.81  , 464.52  , 492.95  , 470.34  , 0.96 
 416.22  , 566.97  , 422.17  , 573.56  , 0.96 
 232.40  , 410.35  , 237.88  , 416.60  , 0.96 
 348.02  , 76.55  , 354.80  , 83.44  , 0.96 
 403.91  , 63.92  , 409.88  , 70.62  , 0.96 
 361.81  , 14.17  , 367.46  , 19.92  , 0.96 
 380.98  , 310.14  , 386.70  , 315.76  , 0.96 
 424.46  , 410.18  , 430.40  , 416.25  , 0.96 
 132.62  , 430.46  , 137.91  , 436.50  , 0.96 
 242.94  , 569.62  , 249.11  , 575.52  , 0.96 
 146.19  , 602.29  , 151.72  , 608.24  , 0.95 
 284.59  , 155.24  , 291.56  , 162.35  , 0.95 
 137.93  , 193.33  , 143.95  , 199.30  , 0.95 
 216.71  , 503.84  , 222.21  , 509.56  , 0.95 
 55.95  , 86.64  , 61.85  , 92.45  , 0.95 
 279.57  , 383.07  , 285.46  , 389.08  , 0.95 
 384.48  , 493.17  , 392.05  , 501.56  , 0.95 
 348.74  , 190.66  , 355.59  , 196.67  , 0.95 
 342.27  , 7.81  , 348.08  , 13.98  , 0.95 
 382.63  , 437.90  , 388.36  , 443.98  , 0.95 
 496.33  , 457.31  , 502.22  , 465.33  , 0.95 
 112.97  , 81.02  , 118.80  , 87.35  , 0.95 
 95.27  , 24.92  , 102.25  , 30.55  , 0.95 
 473.18  , 36.43  , 478.21  , 42.33  , 0.95 
 250.71  , 220.06  , 256.34  , 226.20  , 0.95 
 411.43  , 176.46  , 418.78  , 183.46  , 0.95 
 180.40  , 607.77  , 186.49  , 614.16  , 0.95 
 278.63  , 189.09  , 284.17  , 194.74  , 0.95 
 304.63  , 160.78  , 310.89  , 166.59  , 0.94 
 390.57  , 208.94  , 395.71  , 214.09  , 0.94 
 375.63  , 395.89  , 381.60  , 402.30  , 0.94 
 496.97  , 583.85  , 502.71  , 589.80  , 0.94 
 62.92  , 174.98  , 68.80  , 180.58  , 0.94 
 462.77  , 601.06  , 468.83  , 607.88  , 0.94 
 323.71  , 270.65  , 329.49  , 276.81  , 0.94 
 459.92  , 250.91  , 465.18  , 256.50  , 0.94 
 458.89  , 45.85  , 467.77  , 54.51  , 0.93 
 428.78  , 12.19  , 433.96  , 18.34  , 0.93 
 347.47  , 264.21  , 353.95  , 270.20  , 0.93 
 17.98  , 508.57  , 25.47  , 516.25  , 0.93 
 210.53  , 260.70  , 216.16  , 266.44  , 0.93 
 259.04  , 453.40  , 264.84  , 459.11  , 0.93 
 491.75  , 201.35  , 497.64  , 207.39  , 0.93 
 240.93  , 337.59  , 247.29  , 344.40  , 0.93 
 253.10  , 176.08  , 259.01  , 182.65  , 0.93 
 260.04  , 156.84  , 265.41  , 162.11  , 0.93 
 301.20  , 170.60  , 306.61  , 176.44  , 0.93 
 221.74  , 136.61  , 228.22  , 142.58  , 0.93 
 83.45  , 56.07  , 89.78  , 63.52  , 0.93 
 219.23  , 96.45  , 224.84  , 102.57  , 0.93 
 292.79  , 215.02  , 298.75  , 220.68  , 0.92 
 215.52  , 309.25  , 221.52  , 315.72  , 0.92 
 402.98  , 295.97  , 408.90  , 302.43  , 0.92 
 249.52  , 392.50  , 260.75  , 402.23  , 0.92 
 272.66  , 553.47  , 278.18  , 559.05  , 0.92 
 528.06  , 369.74  , 534.53  , 376.52  , 0.92 
 189.18  , 450.97  , 199.48  , 460.77  , 0.92 
 201.86  , 253.55  , 207.87  , 259.37  , 0.91 
 259.62  , 129.10  , 264.59  , 134.30  , 0.91 
 435.84  , 132.61  , 442.54  , 138.73  , 0.91 
 175.52  , 576.89  , 185.08  , 586.71  , 0.91 
 389.32  , 71.55  , 394.64  , 77.04  , 0.91 
 110.72  , 586.69  , 116.53  , 592.13  , 0.91 
 89.44  , 543.07  , 95.05  , 549.14  , 0.91 
 252.87  , 448.06  , 258.66  , 453.95  , 0.90 
 436.46  , 558.04  , 442.11  , 564.28  , 0.90 
 246.93  , 83.79  , 253.45  , 90.37  , 0.90 
 281.15  , 521.92  , 285.81  , 527.47  , 0.90 
 358.95  , 225.57  , 365.35  , 231.77  , 0.90 
 14.78  , 96.54  , 23.48  , 105.32  , 0.90 
 426.65  , 149.63  , 433.19  , 155.18  , 0.90 
 270.50  , 171.93  , 275.81  , 177.29  , 0.90 
 462.24  , 203.03  , 468.26  , 208.90  , 0.90 
 413.62  , 523.39  , 419.26  , 530.29  , 0.90 
 503.65  , 353.81  , 509.06  , 359.80  , 0.89 
 214.98  , 103.02  , 220.92  , 108.98  , 0.89 
 160.65  , 0.09  , 170.82  , 6.11  , 0.89 
 146.72  , 419.30  , 152.17  , 426.08  , 0.89 
 280.73  , 226.87  , 287.13  , 233.31  , 0.89 
 455.19  , 601.85  , 461.03  , 607.86  , 0.89 
 485.08  , 286.60  , 491.61  , 292.70  , 0.88 
 77.25  , 277.66  , 82.99  , 283.33  , 0.88 
 103.47  , 319.47  , 108.56  , 325.34  , 0.88 
 126.63  , 472.15  , 131.76  , 478.08  , 0.88 
 220.02  , 614.74  , 226.51  , 621.14  , 0.88 
 422.26  , 38.85  , 427.48  , 44.10  , 0.88 
 405.34  , 158.61  , 411.56  , 165.33  , 0.88 
 211.43  , 461.53  , 217.05  , 468.04  , 0.88 
 372.13  , 476.52  , 377.22  , 482.68  , 0.87 
 216.16  , 521.39  , 221.58  , 527.12  , 0.87 
 273.64  , 108.53  , 278.89  , 114.06  , 0.86 
 328.22  , 150.26  , 334.52  , 158.49  , 0.86 
 279.19  , 533.62  , 287.95  , 542.26  , 0.86 
 371.07  , 509.65  , 377.72  , 516.25  , 0.86 
 235.07  , 238.55  , 240.25  , 243.67  , 0.86 
 366.23  , 342.48  , 371.46  , 347.78  , 0.85 
 172.69  , 247.53  , 177.85  , 253.43  , 0.85 
 102.09  , 334.03  , 107.72  , 339.57  , 0.85 
 426.27  , 561.29  , 432.65  , 568.05  , 0.85 
 142.66  , 237.14  , 148.04  , 243.88  , 0.85 
 433.84  , 357.99  , 439.51  , 363.64  , 0.85 
 275.74  , 396.72  , 282.57  , 403.25  , 0.84 
 382.52  , 222.45  , 391.38  , 230.62  , 0.84 
 174.42  , 304.43  , 180.26  , 310.31  , 0.83 
 489.70  , 415.23  , 494.53  , 421.84  , 0.83 
 110.51  , 21.66  , 116.39  , 27.06  , 0.83 
 338.29  , 409.54  , 343.82  , 416.14  , 0.83 
 33.09  , 70.65  , 38.35  , 76.19  , 0.82 
 23.25  , 556.31  , 28.71  , 562.00  , 0.82 
 383.93  , 347.94  , 389.03  , 353.56  , 0.82 
 9.59  , 176.54  , 15.95  , 183.76  , 0.81 
 38.63  , 95.63  , 47.60  , 103.98  , 0.81 
 322.00  , 237.96  , 327.44  , 242.76  , 0.81 
 231.00  , 165.33  , 237.02  , 171.35  , 0.81 
 498.97  , 230.92  , 504.33  , 236.92  , 0.81 
 265.45  , 276.84  , 270.53  , 283.08  , 0.81 
 393.20  , 156.46  , 398.43  , 162.58  , 0.80 
 34.51  , 98.31  , 40.70  , 104.60  , 0.80 
 402.30  , 333.77  , 407.84  , 340.29  , 0.80 
 8.76  , 500.91  , 15.64  , 509.03  , 0.80 
 167.92  , 461.32  , 173.99  , 468.18  , 0.80 
 144.14  , 157.01  , 149.70  , 162.29  , 0.79 
 262.50  , 64.50  , 267.52  , 69.64  , 0.78 
 43.24  , 335.49  , 48.30  , 340.83  , 0.77 
 49.74  , 162.27  , 54.66  , 167.30  , 0.75 
 321.07  , 5.72  , 327.06  , 12.47  , 0.75 
 403.39  , 140.18  , 408.28  , 145.88  , 0.74 
 55.21  , 262.34  , 60.55  , 268.41  , 0.74 
 123.87  , 145.54  , 129.20  , 151.67  , 0.74 
 186.75  , 548.85  , 191.18  , 554.74  , 0.74 
 186.46  , 147.63  , 195.70  , 156.86  , 0.73 
 448.97  , 26.37  , 453.88  , 31.85  , 0.73 
 320.83  , 160.07  , 325.69  , 165.82  , 0.72 
 426.45  , 3.57  , 432.92  , 8.79  , 0.71 
 530.93  , 456.64  , 535.20  , 462.04  , 0.70 
 335.52  , 626.62  , 341.80  , 631.30  , 0.70 
 473.19  , 129.25  , 479.08  , 134.49  , 0.69 
 533.53  , 180.72  , 539.91  , 191.05  , 0.69 
 378.53  , 121.30  , 383.27  , 126.50  , 0.69 
 498.96  , 257.20  , 504.40  , 262.88  , 0.68 
 340.86  , 450.51  , 350.03  , 461.08  , 0.64 
 482.54  , 128.02  , 488.95  , 134.00  , 0.64 
 161.45  , 2.42  , 169.68  , 8.09  , 0.63 
 278.22  , 626.53  , 283.36  , 630.90  , 0.62 
 158.52  , 222.95  , 169.89  , 233.06  , 0.62 
 504.39  , 182.49  , 509.66  , 188.16  , 0.62 
 166.04  , 622.09  , 172.83  , 629.77  , 0.62 
 448.13  , 436.93  , 463.99  , 453.53  , 0.61 
 71.79  , 461.06  , 77.81  , 467.89  , 0.61 
 257.61  , 621.08  , 262.67  , 626.94  , 0.60 
 449.64  , 209.31  , 455.47  , 215.68  , 0.59 
 133.99  , 23.06  , 142.30  , 31.97  , 0.59 
 433.14  , 541.71  , 438.29  , 547.61  , 0.59 
 130.14  , 11.31  , 135.68  , 16.53  , 0.58 
 19.97  , 241.35  , 29.30  , 248.44  , 0.57 
 9.31  , 553.37  , 13.56  , 558.55  , 0.53 
 51.55  , 356.26  , 57.39  , 362.58  , 0.53 
 8.55  , 146.04  , 12.56  , 150.94  , 0.51 
